freq,unit,tra_infr,geo\TIME_PERIOD	1970 	1971 	1972 	1973 	1974 	1975 	1976 	1977 	1978 	1979 	1980 	1981 	1982 	1983 	1984 	1985 	1986 	1987 	1988 	1989 	1990 	1991 	1992 	1993 	1994 	1995 	1996 	1997 	1998 	1999 	2000 	2001 	2002 	2003 	2004 	2005 	2006 	2007 	2008 	2009 	2010 	2011 	2012 	2013 	2014 	2015 	2016 	2017 	2018 	2019 	2020 	2021 	2022 
A,KM,RD_COM,AT	: 	: 	: 	: 	: 	: 	: 	: 	: 	: 	: 	: 	: 	: 	: 	: 	: 	: 	: 	: 	: 	: 	: 	71000 	71000 	71000 	71000 	71000 	71000 	71053 	71059 	: 	: 	: 	: 	: 	: 	: 	: 	: 	: 	: 	: 	88750 	88753 	88759 	97745 	102463 	100633 	94146 	91238 	90250 	91916 
A,KM,RD_COM,BE	: 	: 	: 	: 	: 	: 	: 	: 	: 	109837 	110258 	110186 	112079 	115006 	117860 	119000 	120000 	121000 	122000 	123200 	124100 	125000 	125900 	125900 d	126800 d	127600 	128200 	129400 	130300 	130900 	131520 	132540 	133330 	134130 	134940 	135745 	136559 	137379 	137870 	138000 	138869 	: 	: 	: 	: 	: 	: 	: 	: 	: 	: 	: 	: 
A,KM,RD_COM,BG	: 	: 	: 	: 	: 	: 	: 	: 	: 	: 	: 	: 	: 	: 	: 	: 	: 	: 	: 	: 	29918 	: 	: 	: 	: 	: 	: 	: 	: 	: 	: 	: 	: 	: 	: 	: 	: 	: 	: 	: 	: 	: 	: 	: 	: 	: 	: 	: 	: 	: 	: 	: 	: 
A,KM,RD_COM,CH	: 	: 	: 	: 	: 	: 	: 	: 	: 	: 	: 	: 	: 	: 	: 	: 	: 	: 	51197 	51197 	51197 d	51197 d	51197 d	51197 d	51197 d	51197 	51197 d	51197 d	51397 d	51397 	51397 	51397 	51438 	51446 	51446 d	51446 d	51446 	51446 d	51506 d	51615 	51622 	51668 d	51721 d	51819 	51814 	51828 	51849 	51863 	51880 	51927 	: 	: 	65194 
A,KM,RD_COM,CY	: 	: 	: 	: 	: 	: 	: 	: 	: 	: 	: 	: 	: 	: 	: 	: 	: 	: 	: 	: 	: 	: 	: 	: 	2428 	2839 	3015 	3103 	3155 	3221 	3271 	3352 	3404 	3481 	3577 	3666 	3732 	4181 	4210 	4254 	4296 	4766 d	4773 d	4795 	4815 	4830 	4854 	4891 	4935 	4950 	4990 	5047 	5083 
A,KM,RD_COM,CZ	: 	: 	: 	: 	: 	: 	: 	: 	: 	: 	: 	: 	: 	: 	: 	: 	: 	: 	: 	: 	: 	: 	: 	68737 	69270 	66449 	70520 	72300 	72300 	72300 	72300 	72300 	72300 	72927 	72927 	72927 	74919 	74919 	74919 	74919 	74919 	74919 	74919 	74919 	74919 	74919 	74919 	74919 	74919 	74919 	74919 	74919 	74919 
A,KM,RD_COM,DE	: 	: 	: 	: 	: 	: 	: 	: 	: 	311000 	313000 	315000 	317000 	319000 	320000 	318000 	319000 	321000 	323000 	325000 	: 	: 	: 	: 	: 	: 	: 	: 	: 	: 	: 	: 	: 	: 	: 	: 	: 	: 	: 	: 	: 	: 	: 	: 	: 	: 	: 	: 	: 	: 	: 	: 	: 
A,KM,RD_COM,DK	: 	: 	: 	: 	: 	: 	: 	: 	: 	56691 	57359 	57857 	58065 	58238 	58554 	58509 	58529 	58816 	58816 	: 	59168 	59259 	59447 	59532 	59642 	59711 	59710 	59861 	59882 	59995 	60018 	60240 	60328 	: 	: 	: 	61024 	69331 	69492 	: 	: 	70089 	70269 	70561 	70627 	70646 	70705 	70817 	70840 	70900 	70967 	70935 	70985 
A,KM,RD_COM,EE	: 	: 	: 	: 	: 	: 	: 	: 	: 	: 	: 	: 	: 	: 	: 	: 	: 	: 	: 	: 	: 	: 	: 	: 	: 	: 	: 	: 	: 	: 	: 	: 	: 	: 	: 	: 	: 	: 	: 	: 	18398 u	18328 u	18398 u	18398 u	18445 	18398 	18398 	18220 	18237 	18398 	18398 	48723 b	48799 
A,KM,RD_COM,ES	: 	: 	: 	: 	: 	: 	: 	: 	: 	67283 	68326 	68982 	69509 	70419 	60962 	54514 	54514 	59586 	59558 	63927 	64479 	64660 	64802 	65972 	66966 d	66984 d	66634 	66781 	68499 	68160 	68126 d	67987 d	69479 d	68862 	68854 	68791 d	68839 d	68366 d	67948 d	68000 d	67827 d	67439 d	67400 d	67368 	68040 	67605 	67038 	67191 	67120 	66923.563 	67109 	66949 	: 
A,KM,RD_COM,FI	: 	: 	: 	: 	: 	: 	: 	: 	: 	: 	: 	: 	: 	: 	: 	: 	: 	: 	: 	: 	: 	: 	: 	: 	: 	: 	: 	23593 d	24051 d	24262 d	24448 d	24805 d	24828 d	25198 d	25697 d	26213 	26702 	27442 	27365 	28318 	27685 	28973 	28899 	: 	29557 	28011 	29516 	30454 	31018 	31638 	: 	30742 	: 
A,KM,RD_COM,FR	: 	: 	: 	: 	: 	: 	: 	: 	: 	405000 	421000 	421000 	421000 	421000 	421000 	421000 	421000 	421000 	421000 	421000 	421000 	500000 	526000 	526000 	562960 	563000 	574780 	579410 	585900 	589910 	594149 	601733 	598380 	601851 	606031 	610330 	615607 	628987 	629000 	642256 	651202 	651491 	666343 	679860.470 	679860.470 	686164.421 	699224.373 	704999.267 	704151.436 	704200.843 	705825.843 	704942.380 	701367.762 
A,KM,RD_COM,HR	: 	: 	: 	: 	: 	: 	: 	: 	: 	: 	: 	: 	: 	: 	: 	: 	: 	: 	: 	: 	18097 	14616 	14600 	14600 	14600 	14600 	14600 	10269 	10269 	10183 	10197 	10298 	10375 	10375 	10375 	10375 	10375 	10375 	10335 	10347 	10342 	10346 	9046 	9094 	9137 	8998 	9003 	9022 	8817 	8831 	8846 	8494 	8506 
A,KM,RD_COM,HU	: 	: 	: 	: 	: 	: 	: 	: 	: 	: 	: 	: 	: 	: 	: 	: 	: 	: 	: 	: 	: 	: 	: 	: 	: 	: 	: 	: 	: 	: 	: 	: 	75936 	75930 	: 	: 	: 	: 	: 	: 	0 	: 	0 	: 	: 	: 	0 	0 	0 	0 	0 	0 	0 
A,KM,RD_COM,IE	: 	: 	: 	: 	: 	: 	: 	: 	: 	: 	: 	: 	: 	: 	: 	: 	: 	: 	: 	: 	76444 	76474 	76314 	76314 	76314 	76500 	76600 	78610 	78610 	78675 	78675 	78675 	78610 	78773 	79446 	79446 	79446 	78958 	78958 	78958 	78958 e	78958 	78958 	78958 p	78958 	80472 	80472 	80472 	80472 	80548 p	80548 	83386 	83412 
A,KM,RD_COM,IS	: 	: 	: 	: 	: 	: 	: 	: 	: 	: 	: 	: 	: 	: 	: 	: 	: 	: 	1080 	1090 	1100 	1110 	1120 	1130 	1140 	1784 	1786 	4511 d	4476 	4479 	4791 d	4746 d	4734 d	4796 d	4799 e	4802 e	: 	: 	: 	: 	: 	: 	: 	: 	: 	: 	: 	: 	: 	: 	: 	: 	: 
A,KM,RD_COM,IT	: 	: 	: 	: 	: 	: 	: 	: 	: 	141666 	141666 	141666 	141666 	141666 	141666 	141666 	141666 	141666 	141666 	141666 	141666 	141666 	650201 	651591 	668765 	660566 	663503 	668669 	: 	: 	: 	: 	: 	: 	: 	57755 	61651 	64847 	65494 	68495 d	68267 d	72018 d	73555 d	74420 	73290 	74719 	73591 	74734 	69098 	67927 	67532 	68290 	: 
A,KM,RD_COM,LI	: 	: 	: 	: 	: 	: 	: 	: 	: 	: 	: 	: 	: 	: 	: 	: 	: 	: 	: 	: 	: 	: 	: 	: 	: 	: 	: 	: 	260 	262 	262 	262 	262 	262 	262 	262 	262 	262 	262 	262 	262 	262 	262 	262 	262 	262 	262 	317 	317 	317 	317 	317 	317 
A,KM,RD_COM,LT	: 	: 	: 	: 	: 	: 	: 	: 	: 	: 	: 	: 	: 	: 	: 	: 	: 	: 	: 	: 	4557 	4618 	4630 	4689 	4677 	4726 	4853 	4882 	5308 	5551 	5753 	5783 	0 	: 	0 	0 	0 	0 	0 	0 	0 	0 	0 	0 	0 	0 	0 	0 	0 	0 	0 	0 	0 
A,KM,RD_COM,LU	: 	: 	: 	: 	: 	: 	: 	: 	: 	2208 	2223 	2223 	2223 	2272 	2272 	2272 	2316 	2316 	2316 	2316 	2316 	2316 	2316 	2316 	2316 	: 	: 	: 	: 	: 	: 	: 	: 	: 	: 	: 	: 	: 	: 	: 	: 	: 	: 	: 	: 	: 	: 	: 	: 	: 	: 	: 	: 
A,KM,RD_COM,LV	: 	: 	: 	: 	: 	: 	: 	: 	: 	: 	: 	: 	: 	: 	: 	: 	: 	: 	: 	: 	38941 	38941 	39640 	4515 	4546 	4990 	5074 	5039 	5124 	5162 	5201 	7210 d	7320 d	7338 d	7345 d	7575 d	7581 d	7796 d	7949 d	7872 	8034 	8035 	7998 	7987 	8039 	7967 	8174 	8291 	8306 	8271 	8369 	8457 	8440 
A,KM,RD_COM,ME	: 	: 	: 	: 	: 	: 	: 	: 	: 	: 	: 	: 	: 	: 	: 	: 	: 	: 	: 	: 	: 	: 	: 	: 	: 	: 	: 	: 	: 	: 	: 	: 	: 	: 	: 	: 	: 	: 	: 	: 	: 	: 	: 	: 	: 	: 	: z	: z	: z	: z	: 	: 	: 
A,KM,RD_COM,MK	: 	: 	: 	: 	: 	: 	: 	: 	: 	: 	: 	: 	: 	: 	: 	: 	: 	: 	: 	: 	6824 	5997 	5632 	5326 	5439 	5606 	5656 	6152 	7143 	7795 	8071 	8347 	8394 	: 	: 	8566 	8995 	9155 	9240 	9258 	9252 	9300 	9355 	9471 	9513 	9570 	9749 	9733 	9878 	9788 	9786 	9719 	10479 
A,KM,RD_COM,MT	: 	: 	: 	: 	: 	: 	: 	: 	: 	: 	: 	: 	: 	: 	: 	: 	: 	: 	: 	: 	: 	: 	: 	: 	: 	: 	: 	647 	647 	: 	: 	647 	647 	: 	: 	: 	: 	: 	: 	: 	: 	: 	: 	0 	0 	0 	0 	: 	0 	0 	: 	: 	: 
A,KM,RD_COM,NL	: 	: 	: 	: 	: 	: 	: 	: 	: 	79363 	: 	: 	81946 	: 	83865 	: 	: 	: 	90766 	91830 	93460 	: 	94778 	: 	: 	103304 	: 	105680 	: 	: 	: 	117669 	118667 	119437 	120447 	118328 	118979 	119489 	120100 	120729 d	121128 d	121412 d	121542 	125230 	125650 	125895 	126025 	126180 	126458 	127173 	128041 	127804 	128315 
A,KM,RD_COM,NO	: 	: 	: 	: 	: 	: 	: 	: 	: 	: 	: 	: 	: 	: 	: 	: 	: 	: 	34703 	35177 	35727 	35866 	36373 	37046 	36636 	37033 	37684 	37572 	37022 	36962 	37482 	: 	: 	: 	38234 	38542 	38528 	38467 	38516 	38589 	38732 	38893 	38970 	39041 	39158 	39287 	39406 	39457 	39543 	39715 	39480 	39879 	39879 
A,KM,RD_COM,PL	: 	: 	: 	: 	: 	: 	: 	: 	: 	: 	: 	: 	: 	: 	: 	: 	: 	: 	: 	: 	188725 	191061 	192711 	194203 	196311 	198178 	200631 	202852 	206825 	197351 	198350 	203505 	197389 	201992 	203773 	206371 	: c	: c	209333 	210569 	232880 	237244 	238651 	240447 	243810 	246143 	246983 	249136 	251664 	251789 	257204 	256536 	254313 
A,KM,RD_COM,PT	: 	: 	: 	: 	: 	: 	: 	: 	: 	: 	: 	: 	: 	: 	: 	: 	: 	: 	: 	: 	: 	: 	56467 	58321 	62528 	: 	: 	: 	: 	: 	: 	: 	: 	: 	: 	: 	: 	: 	: 	: 	: 	: 	: 	: 	: 	: 	: 	: 	: 	: 	: 	: 	: 
A,KM,RD_COM,RO	: 	: 	: 	: 	: 	: 	: 	: 	: 	: 	: 	: 	: 	: 	: 	: 	: 	: 	: 	: 	31166 	31166 	31166 	31166 	31159 	31141 	31054 	30985 	30864 	30622 	27759 	27817 	28190 	28332 	28491 	28460 	28601 	29340 	29843 	30162 	30613 	31639 	31918 	32190 	32585 	32980 	33107 	33296 	33409 	33435 	33793 	33573 	33622 
A,KM,RD_COM,RS	: 	: 	: 	: 	: 	: 	: 	: 	: 	: 	: 	: 	: 	: 	: 	: 	: 	: 	: 	: 	: 	: 	: 	: 	: 	: 	: 	: 	: 	: 	: 	: 	: 	: 	: 	: 	: 	: 	: 	: 	: 	: 	: 	29278 	29271 	: 	29374 	29346 	: 	: 	30453 	: 	31499 
A,KM,RD_COM,SE	62561 d	62300 d	62709 d	63640 d	64691 d	65171 d	: c	31500 	31500 	31600 	31600 	31600 	31600 	31600 	32000 	32000 	32000 	32000 	32000 	32000 	32000 	32000 	37925 	38618 	38300 	38900 	38500 	38500 	38500 	39523 	39500 	40000 	40280 	40300 	40300 	40300 	41000 	41295 b	41102 	41263 	41473 	41575 	42001 	41907 	42121 	42171 	42291 	42488 	42780 	42805 	43008 	43156 	43352 
A,KM,RD_COM,SI	: 	: 	: 	: 	: 	: 	: 	: 	: 	: 	: 	: 	: 	: 	: 	: 	: 	: 	: 	: 	9572 	9750 	9791 	9786 	9781 	9791 	9794 	9804 	17653 	18159 	18226 	18338 	18271 	18245 	18278 	18289 	18326 	18371 	18384 	18626 	18773 	18805 	18797 	32030.663 	32040.700 	32050.040 	32090.993 	32078 	32060.890 	32086.510 	32143.070 	32259.201 	32204.449 
A,KM,RD_COM,SK	: 	: 	: 	: 	: 	: 	: 	: 	: 	: 	: 	: 	: 	: 	: 	: 	: 	: 	: 	: 	10828 	10804 	10758 	10747 	10769 	10718 	10658 	10418.2 	10427 	10393 	10393.7 	10391.4 	10395.5 	10396 	10393.8 	36342.5 	36341 	36344 	36344.2 	36348.3 	35759.3 	35762.3 	35765.6 	35787.100 	35777 	36813.900 	36816.900 	36810.600 	37496.900 	37479.380 	37482.100 	38152 	38144.800 
A,KM,RD_COM,TR	: 	: 	: 	: 	: 	: 	: 	: 	: 	: 	: 	: 	: 	: 	: 	: 	: 	: 	: 	: 	: 	: 	: 	: 	320029 	320055 	320001 	320001 	319448 	: 	354642 d	363248 d	364329 d	365171 d	285739 d	285632 d	285632 d	286888 d	288013 d	298405 d	302398 d	305227 	320366 	323043 	170762 	172339 	175429 	179895 	179537 	182500 	187695 	188819 	190383 
A,KM,RD_COM,UA	: 	: 	: 	: 	: 	: 	: 	: 	: 	: 	: 	: 	: 	: 	: 	: 	: 	: 	: 	: 	: 	: 	: 	: 	: 	: 	: 	: 	: 	: 	: 	: 	: 	: 	: 	: 	: 	: 	: 	: 	: 	: 	: 	: 	: 	: 	: 	: 	63459 	63425 	63575 	: 	: 
A,KM,RD_COM,UK	: 	: 	: 	: 	: 	: 	: 	: 	: 	309700 	311496 	313531 	315147 	316718 	318341 	320052 	322021 	323464 	325333 	326963 d	328899 d	330796 d	333135 b	335506 d	336168 d	336168 d	337494 d	338158 d	360918 d	361651 d	362360 	363104 d	363918 d	364659 d	359991 d	360563 d	366732 d	367317 d	: c	: 	343988.5 d	343992 d	344531 	: 	: 	: 	: 	: 	: 	: 	: 	: 	: 
A,KM,RD_COM,XK	: 	: 	: 	: 	: 	: 	: 	: 	: 	: 	: 	: 	: 	: 	: 	: 	: 	: 	: 	: 	: 	: 	: 	: 	: 	: 	: 	: 	: 	: 	: 	: 	: 	: 	: 	: 	: 	: 	: 	: 	: 	: 	: 	: 	: 	: 	: 	: 	: 	: z	: 	: 	: 
A,KM,RD_PRO,AT	: 	: 	: 	: 	: 	: 	: 	: 	: 	: 	: 	: 	: 	: 	: 	: 	: 	: 	: 	23512 	23474 	19713 	19757 	23472 	23472 	23472 	23472 	23472 	23472 	23065 	23086 	: 	: 	: 	23685 	23685 	23644 	23687 	23652 	23673 	23680 	23654 	23642 	33651 	33652 	33637 	33644 	34025 	34174 	34010 	34018 	33849 	33808 
A,KM,RD_PRO,BE	: 	: 	: 	: 	: 	: 	: 	: 	: 	1351 	1362 	1349 	1366 	1369 	1374 	1375 	1372 	1370 	1358 	1360 	1360 	1354 	1353 	1353 	1331 d	1326 	1326 	1326 	1326 	1349 	1349 	1349 	1349 	1349 	1349 	1349 	1349 	1349 	1349 	1349 	1349 	: 	: 	: 	: 	: 	: 	: 	: 	: 	: 	: 	: 
A,KM,RD_PRO,BG	: 	: 	: 	: 	: 	: 	: 	: 	: 	: 	: 	: 	: 	: 	: 	: 	: 	: 	: 	: 	3798 	: 	: 	: 	: 	: 	: 	: 	: 	: 	: 	: 	: 	: 	: 	: 	: 	: 	: 	: 	: 	: 	: 	: 	: 	: 	: 	: 	: 	: 	: 	: 	: 
A,KM,RD_PRO,CH	: 	: 	: 	: 	: 	: 	: 	: 	: 	: 	: 	: 	: 	: 	: 	: 	: 	: 	: 	: 	18278 d	18275 d	18297 d	18318 d	18326 d	18238 d	18224 d	18276 d	18176 d	18110 d	18097 d	18115 d	18048 	18088 	18117 d	18094 d	18117 	18160 d	18112 d	18053 d	18040 	17997 d	17983 d	17896 	17916 	17868 	17852 	17831 	17816 	17772 	17278 b	17228 	17227 
A,KM,RD_PRO,CY	: 	: 	: 	: 	: 	: 	: 	: 	: 	: 	: 	: 	: 	: 	: 	: 	: 	: 	: 	: 	: 	: 	: 	: 	2451 	2456 	2448 	2493 	2502 	2520 	2532 	2538 	2553 	2571 	2641 	2650 	2702 	2711 	2745 	2744 	2753 	2301 	2307 	2303 	2304 	2308 	2308 	2324 	2358 	2394 	2431 	2461 	2474 
A,KM,RD_PRO,CZ	: 	: 	: 	: 	: 	: 	: 	: 	: 	: 	: 	: 	: 	: 	: 	: 	: 	: 	: 	: 	: 	: 	: 	: 	: 	: 	: 	: 	: 	: 	: 	: 	: 	48808 	48797 	48792 	48778 	48736 	48753 	48791 	48763 	48743 	48715 	48736 	48739 	48717 	48727.272 	48692 	48674 	48666 	48685 	48692 	48734 
A,KM,RD_PRO,DE	: 	: 	: 	: 	: 	: 	: 	: 	: 	131981 	132296 	132350 	132815 	133074 	133362 	133518 	133673 	133776 	133823 	133976 	173053 d	173204 d	173623 d	174125 d	175691 d	175970 	178343 	178346 	177852 	177899 	177780 	177834 	178298 	178237 	178324 	178134 	178117 	178172 	178151 	178269 	178253 	178184 	178034 	178071 	178281 	178786 	178906 	178876 	178806 	178751 	178703 	178622 	178574 
A,KM,RD_PRO,DK	: 	: 	: 	: 	: 	: 	: 	: 	: 	6840 	6897 	6925 	6951 	6948 	6990 	7049 	7082 	7089 	7089 	: 	7037 	7102 	7056 	7017 	7053 	7050 	7043 	9941 	9949 	9955 	9986 	9988 	9952 	: 	: 	: 	9701 	: 	: 	: 	: 	: 	: 	: 	: 	: 	: 	: 	0 	0 	0 	0 	0 
A,KM,RD_PRO,EE	: 	: 	: 	: 	: 	: 	: 	: 	: 	: 	: 	: 	: 	: 	: 	: 	: 	: 	: 	: 	: 	: 	: 	29071 	29071 	28833 	28800 	27754.3 	33049.5 	34005.5 	34977.3 	35603.4 	36441 	37188 	37209 	38052 	38077 	38489 	38777 	41930 u	23514 d	23647 u	23901 u	23939 u	23955 	23833 	23944 	23970 	24002 	24060 	23920 	23515 	23614 
A,KM,RD_PRO,EL	: 	: 	: 	: 	: 	: 	: 	: 	: 	28375 	28586 	28699 	28586 	28690 	31277 	31272 	31292 	31290 	31301 	31235 	31235 	31228 	31228 	29107 	29107 	: 	: 	: 	: 	: 	: 	: 	: 	: 	: 	: 	: 	: 	: 	: 	: 	: 	: 	: 	: 	: 	: 	: 	: 	: 	: 	: 	: 
A,KM,RD_PRO,ES	: 	: 	: 	: 	: 	: 	: 	: 	: 	: 	: 	: 	5863 	7172 	70742 	74734 	74759 	74474 	71266 	71114 	71063 	71502 	70397 	70626 	71547 	71377 d	70905 	71095 	69373 	69521 	69259 d	69167 d	67969 d	68644 	68826 	68744 d	68974 d	68576 d	68292 d	68241 d	68595 d	68860 d	68384 d	67972 	68194 	68113 	68055 	68068 	68051 	67904.291 	68034 	68386 	: 
A,KM,RD_PRO,FI	: 	: 	: 	: 	: 	: 	: 	: 	: 	: 	: 	: 	: 	: 	: 	: 	: 	: 	: 	: 	: z	: z	: z	: z	: z	: z	: z	: z	: z	: z	: z	: z	: z	: z	: z	: z	: z	: z	: z	: z	: z	: z	: z	: z	: z	: z	: z	: 	: 	: 	: 	: 	: 
A,KM,RD_PRO,FR	: 	: 	: 	: 	: 	: 	: 	: 	: 	346000 	347000 	347000 	347000 	347000 	347000 	347000 	347000 	352000 	352000 	352000 	352000 	353000 	354000 	354000 	365607 	360000 	358900 	358380 	358580 	359090 	359055 	359231 	359597 	359644 	359955 	: 	377205 	377377 	377984 	377986 	377769 	377857 	377965 	381470.178 	381130.977 	381721.449 	381319.137 	377889.930 	378479.045 	378693.067 	378834.269 	378906.225 	379218.465 
A,KM,RD_PRO,HR	: 	: 	: 	: 	: 	: 	: 	: 	: 	: 	: 	: 	: 	: 	: 	: 	: 	: 	: 	: 	10085 	7593 	7588 	7588 	7588 	7588 	7588 	10193 	10193 	10403 	10499 	10510 	10544 	10544 	10544 	10544 	10544 	10544 	10904 	10939 	10936 	10967 	9809 	9720 	9628 	9640 	9504 	9521 	9545 	9523 	9456 	9422 	9410 
A,KM,RD_PRO,HU	: 	: 	: 	: 	: 	: 	: 	: 	: 	: 	: 	: 	: 	: 	: 	: 	: 	: 	: 	: 	: 	: 	: 	: 	: 	: 	: 	: 	: 	: 	: 	: 	53565 	53749 	: 	: 	: 	: 	166170.4 	166141 	167939.3 	169263 	170249.2 	171549.500 	172074.200 	172957.100 	174599.350 	178809.300 	181230.230 	181637 	183155.620 	183988.570 	185758.910 
A,KM,RD_PRO,IE	: 	: 	: 	: 	: 	: 	: 	: 	: 	: 	: 	: 	: 	: 	: 	: 	: 	: 	: 	: 	10566 	10566 	10726 	10726 	10726 	10600 	10700 	11690 	11690 	11628 	11628 	11628 	11690 	11607 	11645 	11645 	11645 	11631 	11631 	11631 	11631 e	11631 	11631 	11631 p	11631 	13120 	13120 	13120 	13120 	13120 p	13120 	13382 	13382 
A,KM,RD_PRO,IS	: 	: 	: 	: 	: 	: 	: 	: 	: 	: 	: 	: 	: 	: 	: 	: 	: 	: 	3097 	3122 	3124 	3173 	3042 	3129 	3259 	2375 	2349 	3874 d	3907 d	3898 d	3897 d	3929 d	3962 d	3936 d	3964 e	4006 e	: 	: 	: 	: 	: 	: 	: 	: 	: 	: 	: 	: 	: 	: 	: 	: 	: 
A,KM,RD_PRO,IT	: 	: 	: 	: 	: 	: 	: 	: 	: 	101681 	102057 	104219 	104272 	104670 	105739 	106323 	106850 	109027 	109894 	110468 	111304 	110475 	112875 	113353 	113349 	114442 	113924 	113790 	115125 	115222 	114691 	115180 	143468 	149106 	151570 	147364 	147364 	156258 	157785 	154513 d	158895 	151583 	153588 	154948 	155662 	155668 	155247 	142139 	135691 	137283 	132626 	131011 	: 
A,KM,RD_PRO,LI	: 	: 	: 	: 	: 	: 	: 	: 	: 	: 	: 	: 	: 	: 	: 	: 	: 	: 	: 	: 	: 	: 	: 	: 	: 	: 	: 	: 	139 	139 	139 	139 	139 	139 	139 	139 	139 	139 	139 	139 	139 	139 	139 	139 	139 	139 	139 	103 	103 	103 	103 	103 	103 
A,KM,RD_PRO,LT	: 	: 	: 	: 	: 	: 	: 	: 	: 	: 	: 	: 	: 	: 	: 	: 	: 	: 	: 	: 	22903 	23617 	27070 	30893 	35855 	36666 	40238 	43240 	45987 	46828 	48451 	49475 	55813 	57560 	57986 	58169 	58659 	59394 d	59710 d	60062 d	60864 d	61653 d	62923 	63214 	63782 	63684 	62485 	63076 	64334 	63848 	63532 	63655 	63018 
A,KM,RD_PRO,LU	: 	: 	: 	: 	: 	: 	: 	: 	: 	1959 	1959 	1959 	1959 	1959 	1959 	1959 	1962 	1962 	1828 	1828 	1828 	1828 	1828 	1828 	1828 	: 	: 	: 	1911 d	1911 d	1891 d	1891 d	: 	: 	: 	: 	: 	: 	: 	1910 	: 	: 	1891 	1891 	1891 	1891 	1891 	1891 	1891 	1891 	1891 	1877 	1877 
A,KM,RD_PRO,LV	: 	: 	: 	: 	: 	: 	: 	: 	: 	: 	: 	: 	: 	: 	: 	: 	: 	: 	: 	: 	: 	12312 	13534 	39640 	30000 	30804 	31274 	31619 	32365 	32481 	33042 	33109 	32873 	31787 	31475 	31577 	31432 	31379 	31100 	31382 	30742 	30649 	30453 	30493 	30439 	30183 	30169 	30088 	30147 	29975 	29861 	28967 	29514 
A,KM,RD_PRO,MD	: 	: 	: 	: 	: 	: 	: 	: 	: 	: 	: 	: 	: 	: 	: 	: 	: 	: 	: 	: 	: 	: 	: 	: 	: 	: 	: 	: 	: 	: 	: 	: 	: 	: 	: 	: 	: 	: 	: 	: 	: 	: 	: 	: 	: 	: 	: 	: 	3624 	3589 	3582 	3590 	3557 
A,KM,RD_PRO,ME	: 	: 	: 	: 	: 	: 	: 	: 	: 	: 	: 	: 	: 	: 	: 	: 	: 	: 	: 	: 	: 	: 	: 	: 	: 	: 	: 	: 	: 	: 	: 	: 	: 	: 	: 	: 	: 	: 	: 	: 	: 	: 	: 	: 	: 	: 	6843 	6968 	7256 	7467 	: 	: 	: 
A,KM,RD_PRO,MK	: 	: 	: 	: 	: 	: 	: 	: 	: 	: 	: 	: 	: 	: 	: 	: 	: 	: 	: 	: 	2822 	2822 	2827 	2988 	2916 	3058 	3058 	3404 	3461 	3461 	3542 	3643 	3623 	: 	: 	3806 	3830 	3774 	3771 	3771 	3771 	3772 	3772 	3778 	3778 	3778 	3778 	3778 	3779 	3790 	3794 	3794 	3794 
A,KM,RD_PRO,MT	: 	: 	: 	: 	: 	: 	: 	: 	: 	: 	: 	: 	: 	: 	: 	: 	: 	: 	: 	: 	: 	: 	: 	: 	: 	: 	: 	1167 	1167 	: 	: 	1422 	1439 	: 	: 	: 	: 	: 	: 	: 	: 	: 	: 	0 	0 	0 	0 	: 	0 	0 	: 	: 	: 
A,KM,RD_PRO,NL	: 	: 	: 	: 	: 	: 	: 	: 	: 	8625 	8691 	8705 	8724 	: 	8647 	: 	: 	: 	7145 	7170 	7082 	: 	7047 	: 	: 	6910 	: 	7192 	: 	: 	: 	7885 	7866 	7856 	7799 	6882 	6878 	6944 	6834 	6804 	6812 	6794 d	6719 d	7778 	7749 	7738 	7759 	7757 	7745 	7813 	7817 	7905 	7934 
A,KM,RD_PRO,NO	: 	: 	: 	: 	: 	: 	: 	: 	: 	: 	: 	: 	: 	: 	: 	: 	: 	: 	26845 	26849 	26974 	27004 	26946 	27051 	27075 	27133 	27127 	27072 	27108 	27213 	27216 	: 	: 	: 	27027 	27049 	27075 	27074 	27262 	27281 	44281 b	44287 	44317 	44382 	44291 	44497 	44541 	44622 	44639 	44696 	44701 	44730 	44730 
A,KM,RD_PRO,PL	: 	: 	: 	: 	: 	: 	: 	: 	: 	: 	: 	: 	: 	: 	: 	: 	: 	: 	: 	: 	128854 	128705 	128673 	110098 	110387 	128624 	128684 	128548 	128544 	156258 	156669 	156005 	156784 	157044 	157314 	156805 	156225 d	155814 d	155460 	154956 	154634 	156219 	154202 	153787 	153923 	154201 	153865 	153757 	153497 	153675 	153586 	153782 	153808 
A,KM,RD_PRO,PT	: 	: 	: 	: 	: 	: 	: 	: 	: 	18634 	18634 	18536 	18636 	18669 	18628 	18582 	18638 	9746 	: 	: 	: 	: 	: 	: 	: 	: 	: 	: 	4805 d	4528 d	4499 d	4500 d	4500 d	: 	: 	: 	: 	: 	: 	: 	: 	: 	: 	: 	: 	: 	: 	: 	: 	: 	: 	: 	: 
A,KM,RD_PRO,RO	: 	: 	: 	: 	: 	: 	: 	: 	: 	: 	: 	: 	: 	: 	: 	: 	: 	: 	: 	: 	26967 	26967 	26967 	26967 	26986 	27035 	27423 	27493 	27713 	28128 	35896 	35853 	35874 	35547 	35251 	35510 	35368 	35435 	35251 	35048 	35221 	35374 	35380 	35587 	35505 	35334 	35361 	35149 	35085 	35083 	35085 	35096 	35132 
A,KM,RD_PRO,RS	: 	: 	: 	: 	: 	: 	: 	: 	: 	: 	: 	: 	: 	: 	: 	: 	: 	: 	: 	: 	: 	: 	: 	: 	: 	: 	: 	: 	: 	: 	: 	: 	: 	: 	: 	: 	: 	: 	: 	: 	: 	: 	: 	0 	0 	: 	: 	: 	: z	: 	: 	: 	: 
A,KM,RD_PRO,SE	85707 d	85078 d	84168 d	84936 d	84959 d	84799 d	84851 	84863 	84849 	84924 	85015 	85012 	85012 	85016 	85160 	84354 	84132 	84247 	84347 	84375 	83753 	83182 	83252 	83233 	83294 	83263 	83368 	83447 	83442 	83357 	83094 	82892 	82915 	82882 	82990 	82984 	82932 	156885 b	156727 	157286 	157384 	157459 	158046 	157281 	157241 	157227 	156920 	157208 	157221 	140803 	136964 	141187 	141122 
A,KM,RD_PRO,SI	: 	: 	: 	: 	: 	: 	: 	: 	: 	: 	: 	: 	: 	: 	: 	: 	: 	: 	: 	: 	9572 	9750 	9791 	9786 	9781 	9791 	9781 	9804 	13529 	13872 	13905 	13904 	13901 	13814 	13824 	13802 	13812 	13862 	13836 	13599 	13568 	13510 	13451 	: z	: z	: z	: z	: z	: z	: z	: 	: z	: 
A,KM,RD_PRO,SK	: 	: 	: 	: 	: 	: 	: 	: 	: 	: 	: 	: 	: 	: 	: 	: 	: 	: 	: 	: 	3856 	3849 	3847 	3844 	3845 	3878 	3921 	3770.9 	3773 	3826 	3826.3 	3827.9 	3828.6 	3728.7 	3729 	3733.5 	3742.1 	3742.4 	3686.3 	3643.7 	3643.2 	3639.1 	3636.6 	3617 	3616 	3615.700 	3610.600 	3610 	3610.500 	3631.300 	3631.800 	3623.500 	3625 
A,KM,RD_PRO,TR	: 	: 	: 	: 	: 	: 	: 	: 	: 	: 	: 	: 	: 	: 	: 	: 	: 	: 	: 	: 	27979 	27960 	28499 	28346 	28443 	28577 	28813 	29516 	26540 	: 	29693 	29929 	30050 	30133 	30368 	30568 	30429 	30579 	30712 	30948 	31390 	31558 	31880 	32155 	32474 	33065 	33513 	33896 	34153 	34165 	34136 	34029 	34116 
A,KM,RD_PRO,UA	: 	: 	: 	: 	: 	: 	: 	: 	: 	: 	: 	: 	: 	: 	: 	: 	: 	: 	: 	: 	: 	: 	: 	: 	: 	: 	: 	: 	: 	: 	: 	: 	: 	: 	: 	: 	: 	: 	: 	: 	: 	: 	: 	: 	: 	: 	: 	: 	53943 	53945 	53999 	: 	: 
A,KM,RD_PRO,UK	: 	: 	: 	: 	: 	: 	: 	: 	: 	35992 	35864 	36116 	36162 	36264 	36353 	36250 	36540 	36610 	37003 	37084 d	35149 d	35629 d	37705 b	34442 d	34502 d	34660 d	34478 d	34558 d	35891 d	36049 d	36081 d	36456 d	37169 d	38207 d	38692 d	38974 d	: c	39233 d	: c	38173.3 d	38218.4 d	38225.4 d	38234.7 	: 	: 	: 	: 	: 	: 	: 	: 	: 	: 
A,KM,RD_PRO,XK	: 	: 	: 	: 	: 	: 	: 	: 	: 	: 	: 	: 	: 	: 	: 	: 	: 	: 	: 	: 	: 	: 	: 	: 	: 	: 	: 	: 	: 	: 	: 	: 	: 	: 	: 	: 	: 	: 	: 	: 	: 	: 	: 	: 	: 	: 	: 	1305 	1314 	1509 	: 	1541 	1495 
A,KM,RD_STA,AL	: 	: 	: 	: 	: 	: 	: 	: 	: 	: 	: 	: 	: 	: 	: 	: 	: 	: 	: 	: 	: 	: 	: 	: 	: 	: 	: 	: 	: 	: 	: 	: 	: 	: 	: 	: 	: 	: 	: 	: 	: 	: 	: 	3739 	3794.370 	3947.510 	4090.360 	4072.360 	3201.010 	3714.950 	3675.600 	3606.050 	3606.050 
A,KM,RD_STA,AT	: 	: 	: 	: 	: 	: 	: 	: 	: 	: 	: 	: 	: 	: 	: 	: 	: 	: 	: 	10373 	10433 	10471 	10209 	10248 	10207 	10243 	10269 	10267 	10276 	10260 	10280 	: 	: 	: 	10010 	10193 	10024 	9996 d	9993 	9994 	9959 	10003 	10009 	467 	467 	473 	489 	489 	489 	489 	493 	509 	509 
A,KM,RD_STA,BE	: 	: 	: 	: 	: 	: 	: 	: 	: 	11757 	11718 	11778 	11909 	12373 	12443 	12575 	12710 	12902 	12836 	12885 	13115 	12818 	12718 	12718 d	12634 d	12583 	12600 	12509 	12542 	12542 	12550 	12600 	12610 	12531 	12531 	12531 	12585 	12597 	12613 	12760 	13229 	: 	: 	: 	: 	: 	: 	: 	: 	: 	: 	: 	: 
A,KM,RD_STA,BG	: 	: 	: 	: 	: 	: 	: 	: 	: 	: 	: 	: 	: 	: 	: 	: 	: 	: 	: 	: 	2933 	: 	: 	: 	: 	: 	: 	36979 	36942 	36964 	36977 	36968 	18952 d	18937 d	18945 d	18957 	18979 	19007 	19017 	19017 	19019 	19054 	19061 	19073 	19118 	19119 	19162 	19127 	19119 	19089 	19111 	19119 	19117 
A,KM,RD_STA,CH	: 	: 	: 	: 	: 	: 	: 	: 	: 	: 	: 	: 	: 	: 	: 	: 	: 	: 	18373 	18326 	347 d	350 d	350 d	345 d	348 d	0 	0 	355 d	376 d	376 d	368 d	368 d	369 	408 d	393 	398 d	397 	381 	383 	383 d	384 	384 d	390 d	392 	394 	383 	393 	397 	397 	: 	710 b	710 	710 
A,KM,RD_STA,CY	: 	: 	: 	: 	: 	: 	: 	: 	: 	: 	: 	: 	: 	: 	: 	: 	: 	: 	: 	: 	: 	: 	: 	: 	4666 	4687 	4784 	4864 	4959 	5052 	5098 	5261 	5368 	5440 	5573 	5554 	5589 	5332 	5344 	5360 	5412 	5406 	5415 	5404 	5411 	5422 	5422 	5441 	5446 	5461 	5461 	5461 	5470 
A,KM,RD_STA,CZ	: 	: 	: 	: 	: 	: 	: 	: 	: 	: 	: 	: 	: 	: 	: 	: 	: 	: 	: 	: 	55535 	55530 	55530 	55568 	55530 	55086 	55088 	54908 	54895 	54933 	54909 	54910 	54904.1 	6121 	6156 	6154 	6174 	6191 	6210 	6198 	6255 	6254 	6250 	6250 	6233 	6245 	5807.320 	5825 	5818 	5826 	5808 	5800 	5765 
A,KM,RD_STA,DE	: 	: 	: 	: 	: 	: 	: 	: 	: 	32248 	32558 	32356 	32239 	32096 	31485 	31372 	31368 	31196 	31108 	31063 	42554 	42123 	42169 	41995 	41770 	41700 	41487 	41419 	41386 	41321 	41282 	41228 	41246 	41139 	40969 	40983 	40711 	40416 	40203 	39887 	39710 	39673 	39604 	39389 	38917 	38303 	38068 	38018 	37879 	37842 	37826 	37824 	37810 
A,KM,RD_STA,DK	: 	: 	: 	: 	: 	: 	: 	: 	: 	4199 	4149 	4131 	4129 	4123 	4087 	3996 	3986 	3984 	3984 	: 	3968 	3908 	3841 	3815 	3764 	3764 	3751 	3780 d	758 	749 	718 	689 	662 	: 	: 	: 	610 	2755 	2711 	: 	: 	2697 	2645 	2629 	2614 	2613 	2598 	2602 	2594 	2603 	2606 	2606 	2606 
A,KM,RD_STA,EE	: 	: 	: 	: 	: 	: 	: 	: 	: 	: 	: 	: 	: 	: 	: 	: 	: 	: 	: 	: 	14781 	14766 	14737 	14709 	14691 	14922 	15303 	16369 	16356.4 	16343.4 	16340 	16341 	16442 	16452 	16459 	16371 	16380 	16369 	16487 	16370 	16385 	16397 	16469 	16490 	16584 	16597 	16594 	16605 	16608 	16609 	16668 	16933 	16969 
A,KM,RD_STA,EL	: 	: 	: 	: 	: 	: 	: 	: 	: 	8764 	8781 	8725 	8689 	8689 	8922 	9087 	9103 	9195 	9435 	9196 	9126 	9181 	9181 	9158 	9158 	: 	: 	: 	: 	: 	: 	: 	: 	: 	: 	: 	: 	: 	: 	: 	: 	: 	: 	: 	: 	: 	: 	: 	: 	: 	: 	: 	: 
A,KM,RD_STA,ES	: 	: 	: 	: 	: 	: 	: 	: 	: 	79361 	80177 	74479 	74479 	73965 	18315 	18106 	18329 	18380 	20375 	20655 	20701 	20741 	: 	15862 	17186 	17294 d	17266 	17169 	17132 	17195 	17123 	17074 d	16952 d	16782 	16752 	16679 d	16453 d	16056 d	15338 d	15264 d	15103 d	15056 d	15110 d	15041 	15002 	14949 	14946 	14905 	14870 	14919.388 	14879 	14775 	: 
A,KM,RD_STA,FI	: 	: 	: 	: 	: 	: 	: 	: 	: 	: 	75405 	: 	: 	: 	: 	76443 	76627 	76821 	76968 	77175 	76855 d	77034 d	77091 d	77162 d	77256 d	77328 d	77351 d	77352 d	77421 d	77388 d	77444 d	77468 d	77534 d	77544 d	77515 d	77496 	77489 	77461 	77403 	77396 	77383 	77349 	77329 	78093 	77252 	77107 	77091 	77100 	77016 	76999 	76975 	76962 	: 
A,KM,RD_STA,FR	: 	: 	: 	: 	: 	: 	: 	: 	: 	29000 	29000 	29000 	28130 	28130 	28130 	28335 	28257 	28395 	28153 	28192 	28274 	28360 	28243 	28212 	28090 d	28097 	26881 d	26856 d	26584 d	26298 d	26126 d	26050 d	26154 d	26127 d	26014 d	9760 	10365 	9861 	9765 	9768 	9754 	9757 	9631 	9658 	9644.670 	9633.464 	9622.514 	9044.017 	9551.412 	9521.906 	9697.718 	9581.277 	9472.735 
A,KM,RD_STA,HR	: 	: 	: 	: 	: 	: 	: 	: 	: 	: 	: 	: 	: 	: 	: 	: 	: 	: 	: 	: 	4323 	4427 	4448 	4438 	4438 	4438 	4422 	7048 	7048 	7041 	7016 	7038 	6812 d	6671 d	6500 d	6501 d	6788 d	6963 d	6810 d	6813 	6811 d	6843 	6581 	6711 	6723 	6758 	6937 	6969 	7019 	7049 	7137 	7180 	7215 
A,KM,RD_STA,HU	: 	: 	: 	: 	: 	: 	: 	: 	: 	: 	: 	: 	: 	: 	: 	: 	: 	: 	: 	: 	29392 	29625 	29681 	29694 	29738 	29653 	29357 	29415 	29464 	30267 	30307 	30322 	30460 	30536 	30638 	30808 	31085 	31182 	31363.4 	30104 	30151.1 	30182.5 	30177.1 	30197.800 	30224.500 	30303.300 	30357.500 	30369.800 	30400.200 	30480.500 	30621.300 	30661.800 	30684.600 
A,KM,RD_STA,IE	: 	: 	: 	: 	: 	: 	: 	: 	: 	: 	: 	: 	: 	: 	: 	: 	: 	: 	: 	: 	5253 	5255 	4432 	4411 	4392 	5260 	5270 	5350 	5329 	5326 	5200 	5185 	5185 	5255 	5230 	5168 	5157 	5159 	5010 	4781 	4513 	4513 	4513 	4513 p	4513 	4390 	4390 	4390 	4390 	4314 	4314 	5419 	5434 
A,KM,RD_STA,IS	: 	: 	: 	: 	: 	: 	: 	: 	: 	: 	: 	: 	: 	: 	: 	: 	: 	: 	8269 	8272 	8256 	8254 	8249 	8244 	8020 	8181 	8243 	4306 d	4306 	4305 	4310 	4280 	4277 	4272 	4265 e	4219 e	: 	: 	: 	: 	: 	: 	: 	: 	: 	: 	: 	: 	: 	: 	: 	: 	: 
A,KM,RD_STA,IT	: 	: 	: 	: 	: 	: 	: 	: 	: 	44728 	44839 	45447 	45147 	45461 	45618 	45765 	45779 	45779 	44752 	45005 	44740 	45076 	44888 	44757 	45237 	45130 	46043 	45819 	42977 	46483 	46556 	46870 	20654 	17250 	17250 	21524 	21524 	19290 	19290 	19375 	20856 	20773 	19861 	19920 	19894 	21686 	20786 	22399 	23335 	23305 	28307 	29562 	: 
A,KM,RD_STA,LI	: 	: 	: 	: 	: 	: 	: 	: 	: 	: 	: 	: 	: 	: 	: 	: 	: 	: 	: 	: 	: 	: 	: 	: 	: 	: 	: 	: 	: 	: 	: z	: z	: z	: z	: z	: z	: z	: z	: z	: z	: z	: z	: z	0 	0 	0 	0 	0 	0 	0 	0 	0 	0 
A,KM,RD_STA,LT	: 	: 	: 	: 	: 	: 	: 	: 	: 	: 	: 	: 	: 	: 	: 	: 	: 	: 	: 	: 	20904 	20522 	20727 	20717 	20725 	20727 	20717 	20711 	20747 	20854 	20896 	20899 	20947 	20916 	20928 	20911 	21016 	21012 	21011 	20959 	20958 	20949 	20934 	20945 	20943 	20940 	20930 	20927 	20915 	20835 	20838 	20838 	20803 
A,KM,RD_STA,LU	: 	: 	: 	: 	: 	: 	: 	: 	: 	912 	912 	912 	926 	926 	926 	926 	930 	942 	941 	947 	947 	947 	964 	969 	990 	: 	: 	: 	837 	837 	837 	837 	837 	837 	839 	837 	837 	837 	837 	837 	: 	: 	837 	837 	837 	837 	837 	837 	839 	839 	839 	850 	850 
A,KM,RD_STA,LV	: 	: 	: 	: 	: 	: 	: 	: 	: 	: 	: 	: 	: 	: 	: 	: 	: 	: 	: 	: 	20600 	8272 	7018 	20538 	20446 	20411 	20332 	20332 	20329 	20318 	20323 	20320 	20279 	20309 	20227 	20182 	20167 	20180 	20176 	20178 	20150 	20119 	20115 	20093 	20150 	20093 	20073 	20047 	19990 	20015 	20039 	20034 	20018 
A,KM,RD_STA,MD	: 	: 	: 	: 	: 	: 	: 	: 	: 	: 	: 	: 	: 	: 	: 	: 	: 	: 	: 	: 	: 	: 	: 	: 	: 	: 	: 	: 	: 	: 	: 	: 	: 	: 	: 	: 	: 	: 	: 	: 	: 	: 	: 	: 	: 	: 	: 	: 	5822 	5842 	5882 	5882 	5931 
A,KM,RD_STA,ME	: 	: 	: 	: 	: 	: 	: 	: 	: 	: 	: 	: 	: 	: 	: 	: 	: 	: 	: 	: 	: 	: 	: 	: 	: 	: 	: 	: 	: 	: 	: 	: 	: 	: 	: 	: 	: 	: 	: 	: 	: 	: 	: 	: 	: 	: 	1782 	1782 	1782 	1782 	: 	: 	: 
A,KM,RD_STA,MK	: 	: 	: 	: 	: 	: 	: 	: 	: 	: 	: 	: 	: 	: 	: 	: 	: 	: 	: 	: 	862 	840 	840 	840 	806 	771 	909 	909 	909 	909 	909 	937 	957 	: 	: 	906 	911 	911 	911 	911 	911 	911 	911 	908 	908 	908 	899 	899 	902 	897 	897 	897 	897 
A,KM,RD_STA,MT	: 	: 	: 	: 	: 	: 	: 	: 	: 	: 	: 	: 	: 	: 	: 	: 	: 	: 	: 	: 	: 	: 	: 	: 	: 	: 	: 	: 	: 	: 	: 	: 	: 	: 	: 	: 	: 	: 	: 	: 	: 	: 	: 	2410 e	2854 e	2854 e	2855.480 e	: 	2855.480 e	2855 e	2855 	2855 	: 
A,KM,RD_STA,NL	: 	: 	: 	: 	: 	: 	: 	: 	: 	2763 	2797 	2759 	2760 	2735 	2721 	2371 	2064 	2023 	2030 	2039 	1956 	: 	1858 	: 	: 	998 	: 	986 	814 	893 	894 	4892 	4997 	5104 	5136 	989 	938 	790 	751 	750 	711 	697 d	697 d	2525 	2564 	2549 	2584 	2599 	2628 	2668 	2714 	2743 	2778 
A,KM,RD_STA,NO	: 	: 	: 	: 	: 	: 	: 	: 	: 	: 	: 	: 	: 	: 	: 	: 	: 	: 	26030 	26147 	26236 	26265 	26425 	26406 	26463 	26452 	26547 	26610 	26611 	26705 	26781 	: 	: 	: 	27252 	27274 	27343 	27328 	27469 	27477 	10496 b	10574 	10581 	10562 	10608 	10666 	10695 	10683 	10713 	10753 	10489 	10511 	10511 
A,KM,RD_STA,PL	: 	: 	: 	: 	: 	: 	: 	: 	: 	: 	: 	: 	: 	: 	: 	: 	: 	: 	: 	: 	45280 	45342 	45359 	45595 	45612 	45431 	45417 	45384 	45409 	17803 	17706 	18116 	18166 	18253 	18368 	18287 	18439 	18546 	18520 	18579 	18606 	18801 	19182 	19296 	19293 	19293 	19388 	19410 	19403 	19451 	19477 	19498 	19459 
A,KM,RD_STA,PT	: 	: 	: 	: 	: 	: 	: 	: 	: 	: 	: 	: 	: 	: 	: 	: 	: 	: 	: 	9074 	9198 	9169 	9108 	9069 	9091 	9055 d	9032 d	8983 d	10156 d	14099 d	13883 d	10351 d	10564 d	: 	: 	: 	: 	: 	: 	: 	: 	: 	: 	: 	: 	: 	: 	: 	: 	: 	: 	: 	: 
A,KM,RD_STA,RO	: 	: 	: 	: 	: 	: 	: 	: 	: 	: 	: 	: 	: 	: 	: 	: 	: 	: 	: 	: 	10070 	10070 	10061 	10061 	10061 	9934 	9900 	14570 	9898 	9902 	9139 	9141 	9151 	15009 	9616 	9833 	15755 	16118 	16599 	16503 	16552 	16690 	16887 	17110 	16589 	16859 	16865 	16891 	16917 	17007 	16993 	16599 	16633 
A,KM,RD_STA,RS	: 	: 	: 	: 	: 	: 	: 	: 	: 	: 	: 	: 	: 	: 	: 	: 	: 	: 	: 	: 	: 	: 	: 	: 	: 	: 	: 	: 	: 	: 	: 	: 	: 	: 	: 	: 	: 	: 	: 	: 	: 	: 	: 	14719 	15135 	15755 	16105 	13930 	: 	: 	13527 	: 	13523 
A,KM,RD_STA,SE	12247 d	12406 d	12283 d	12554 d	12453 d	12533 d	12551 	12610 	12623 	12691 	12748 	12859 	12906 	12570 	12553 	13476 	13768 	13781 	13796 	13798 	14105 	14577 	14610 	14587 	14637 	14645 	14647 	14615 	14651 	14692 	15079 	15349 	15341 	15385 	15340 	15350 	15385 	13506 b	13513 d	13540 d	13504 d	13515 d	13600 d	13647 	13603 	13574 	13576 	13565 	13557 	13556 	13499 	13497 	13487 
A,KM,RD_STA,SI	: 	: 	: 	: 	: 	: 	: 	: 	: 	: 	: 	: 	: 	: 	: 	: 	: 	: 	: 	: 	4750 	4751 	4750 	4750 	4752 	4722 	4717 	4749 	5674 	5728 	5735 	3690 	5187 	5169 	5169 	5202 	5208 	5260 	5926 	5921 	5769 	5764 	5775 	5937.940 	5937.940 	5925.580 	5919.910 	5916.792 	5916.790 	5916.790 	5925.050 	5925.222 	5920.610 
A,KM,RD_STA,SK	: 	: 	: 	: 	: 	: 	: 	: 	: 	: 	: 	: 	: 	: 	: 	: 	: 	: 	: 	: 	3061 	3069 	3077 	3076 	3077 	3074 	3073 	3218.9 	3223 	3220 	3221.7 	3220.4 	3224.3 	3334.7 	3341.3 	3341.1 	3359 	3365.9 	3434.3 	3496.2 	3507 	3545.5 	3546 	3538.400 	3545 	3566.400 	3580.200 	3593.300 	3594.300 	3603.900 	3336.800 	3338.600 	3336.500 
A,KM,RD_STA,TR	: 	: 	: 	: 	: 	: 	: 	: 	: 	: 	: 	: 	: 	: 	: 	: 	: 	: 	: 	: 	31149 	31261 	31343 	31424 	31389 	31422 	31412 	31320 	31345 	: 	31397 	31376 	31318 	31358 	31446 	31371 	31335 	31333 	31311 	31271 	31395 	31372 	31375 	31341 	31280 	31213 	31106 	31066 	31021 	31006 	30974 	30965 	30940 
A,KM,RD_STA,UA	: 	: 	: 	: 	: 	: 	: 	: 	: 	: 	: 	: 	: 	: 	: 	: 	: 	: 	: 	: 	: 	: 	: 	: 	: 	: 	: 	: 	: 	: 	: 	: 	: 	: 	: 	: 	: 	: 	: 	: 	: 	: 	: 	: 	: 	: 	: 	: 	46583 	46603 	46639 	: 	: 
A,KM,RD_STA,UK	: 	: 	: 	: 	: 	: 	: 	: 	: 	13007 	12932 	12917 	12871 	12867 	12972 	12774 	12930 	12909 	12711 	12846 d	14886 d	14569 d	12442 b	11680 d	11645 d	11643 d	11714 d	11798 d	12859 d	12875 d	12876 d	12540 d	11772 d	10708 d	10241 d	9777 d	9818 d	9856 d	: c	8596.2 d	8488.6 d	8508.2 d	8506.9 	: 	: 	: 	: 	: 	: 	: 	: 	: 	: 
A,KM,RD_STA,XK	: 	: 	: 	: 	: 	: 	: 	: 	: 	: 	: 	: 	: 	: 	: 	: 	: 	: 	: 	: 	: 	: 	: 	: 	: 	: 	: 	: 	: 	: 	: 	: 	: 	: 	: 	: 	: 	: 	: 	: 	: 	: 	: 	: 	: 	: 	: 	629 	642 	665 	: 	753 	753 
A,KM,TOTAL,AL	: 	: 	: 	: 	: 	: 	: 	: 	: 	: 	: 	: 	: 	: 	: 	: 	: 	: 	: 	: 	: 	: 	: 	: 	: 	: 	: 	: 	: 	: 	: 	: 	: 	: 	: 	: 	: 	: 	: 	: 	: 	: 	: 	3739 	3794.370 	3947.510 	4090.360 	4072.360 	3201.010 	3714.950 	3654 	3581.350 	3581.350 
A,KM,TOTAL,AT	: 	: 	: 	: 	: 	: 	: 	: 	: 	: 	: 	: 	: 	: 	: 	: 	: 	: 	: 	: 	: 	: 	: 	104720 	104679 	104716 	104445 	104739 	104748 	104378 	104997 	104986 	105073 	105040 	105530 	105663 	105573 	106855 	106817 	108510 	112871 	122788 	122400 	122868 	122872 	122869 	131878 	136977 	135296 	128645 	125749 	124608 	126233 
A,KM,TOTAL,BA	: 	: 	: 	: 	: 	: 	: 	: 	: 	: 	: 	: 	: 	: 	: 	: 	: 	: 	: 	: 	: 	: 	: 	: 	: 	: 	: 	: 	: 	: 	: 	: 	: 	: 	: 	: 	: 	: 	: 	: 	: 	: 	: 	: 	: 	: 	: 	8776 	9960 	8535 	8892 	9078 	8619 
A,KM,TOTAL,BE	94218 d	: 	: 	: 	: 	122370 d	: 	: 	: 	122945 	121750 d	123313 	125355 	128748 	128823 	131810 d	134082 	135272 	136194 	137445 	138575 	139172 	139971 	139971 	140765 	141509 	142126 	143235 	144168 	144791 	145419 	146489 	147299 	148010 	148820 	149625 	150493 	151325 	151832 	152109 	153447 	: 	: 	: 	: 	: 	: 	: 	: 	: 	: 	: 	: 
A,KM,TOTAL,BG	: 	: 	: 	: 	: 	: 	: 	: 	: 	: 	32400 	: 	: 	: 	: 	33600 	: 	: 	: 	: 	36649 	36654 	36656 	36658 	36634 	36443 	36406 	36979 	36942 	36964 	36977 	36968 	18952 d	18937 d	18945 d	18957 	18979 	19007 	19017 	19017 	19019 	19054 	19061 	19073 	19118 	19119 	19162 	19127 	19119 	19089 	19111 	19119 	19117 
A,KM,TOTAL,CH	: 	: 	: 	: 	: 	: 	: 	: 	: 	: 	: 	: 	: 	: 	: 	: 	: 	: 	69570 	69523 	69822 	69822 	69844 	69860 	69871 	69435 	69421 	69828 	69949 	69882 	69862 	: 	: 	: 	69956 	71296 	69960 	69987 	70001 	70051 	70046 	70049 	70095 	71527 	70124 	70079 	70094 	70091 	70093 	: 	: 	: 	83131 
A,KM,TOTAL,CY	: 	: 	: 	: 	: 	: 	: 	: 	: 	: 	10270 	: 	: 	: 	: 	11750 	: 	: 	: 	: 	8889 	9072 	9208 	9385 	9545 	9982 	10247 	10460 	10616 	10793 	10901 	11151 	11325 	11492 	11791 	11870 	12023 	12224 	12299 	12358 	12461 	12473 d	12495 d	12502 	12530 	12560 	12584 	12656 	12739 	12805 	12882 	12969 	13027 
A,KM,TOTAL,CZ	: 	: 	: 	: 	: 	: 	: 	: 	: 	: 	145500 	: 	: 	: 	: 	145500 	: 	: 	: 	: 	151570 	140000 	130000 	124305 	124800 	121535 	125608 	127208 	127195 	127233 	127209 	127210 	127204 	127856 	127880 	127872 	129871 	129846 	129882 	129909 	129937 	129916 	129884 	129904 	129891 	129880 	129453.592 	129436 	129411 	129411 	129412 	129410 	129418 
A,KM,TOTAL,DE	440322 d	: 	: 	: 	: 	462803 d	: 	: 	: 	475229 	477854 d	479706 	482054 	484170 	484847 	482890 d	484041 	485972 	487931 	490039 	492036 	: 	: 	: 	: 	: 	: 	: 	: 	: 	: 	: 	: 	: 	: 	: 	: 	: 	: 	: 	: 	: 	: 	: 	: 	: 	: 	: 	: 	: 	: 	: 	: 
A,KM,TOTAL,DK	62678 d	: 	: 	: 	: 	65792 d	: 	: 	: 	67730 	68405 d	68913 	69145 	69309 	69631 	69554 d	69597 	69889 	69889 	: 	70173 	70269 	70344 	70364 	70459 	70525 	70504 	70582 	70589 	70699 	70710 	70917 	70941 	: 	: 	: 	71334 	72086 	72203 	: 	: 	72786 	72914 	73191 	73240 	73260 	73303 	73420 	73434 	73503 	73574 	73542 	73591 
A,KM,TOTAL,EE	: 	: 	: 	: 	: 	: 	: 	: 	: 	: 	: 	: 	: 	: 	: 	: 	: 	: 	: 	: 	40000 	40000 	40000 	43780 	43762 	43755 	44103 	44123.3 	49405.9 	50348.9 	51317.3 	51944.4 	52883 	53640 	53668 	56918 	57480 	57916 	58295 	58300 u	58297 u	58372 u	58644 u	58827 u	58984 	58828 	58936 	58974 	59008 	59067 	58986 	89171 b	89382 
A,KM,TOTAL,EL	35257 d	: 	: 	: 	: 	36482 d	: 	: 	: 	37139 	37367 d	37424 	37275 	37379 	40199 	40359 d	40395 	40485 	40827 	40550 	40551 	40409 	40409 	38265 	38265 	: 	: 	: 	: 	: 	: 	: 	: 	: 	: 	: 	: 	: 	: 	: 	: 	: 	: 	: 	: 	: 	: 	: 	: 	: 	: 	: 	: 
A,KM,TOTAL,ES	123720 e	: 	: 	: 	: 	131144 e	: 	: 	: 	: 	139013 e	: 	149851 	151556 	150019 	147354 d	147602 	152440 	151199 	155696 	156243 	156903 	158145 	153244 	155699 	155655 d	154805 d	155045 d	155004 d	154876 d	154508 d	154228 d	154400 d	154288 	154405 	154214 d	154266 d	152998 d	151578 d	151504 d	151525 d	151353 d	150894 d	150380 	151235 	150667 	150039 	150164 	150040 	149747.242 	150021 	150110 	: 
A,KM,TOTAL,FI	: 	: 	: 	: 	: 	: 	: 	: 	: 	: 	: 	: 	: 	: 	: 	: 	: 	: 	: 	: 	76855 d	77034 d	77091 d	77162 d	77256 d	77328 d	77351 d	100945 d	101472 d	101650 d	101892 d	102273 d	102362 d	102742 d	103212 d	103709 	104191 	104903 	104768 	105714 	105068 	106322 	106228 	78093 	106809 	105118 	106607 	107554 	108034 	108637 	: 	: 	: 
A,KM,TOTAL,FR	783000 d	: 	: 	: 	: 	774788 d	: 	: 	: 	780000 	797000 d	797000 	796130 	796130 	796130 	796335 d	796257 	801395 	801153 	801192 	801274 	881360 	908243 	908212 	955251 	951097 	960561 	964646 	971064 	975298 	979330 	987014 	984131 	987622 	992000 	: 	1003177 	1016225 	1016749 	1030010 	1038725 	1039105 	1053939 	1070988.648 	1070636.117 	1077519.334 	1090166.024 	1091933.214 	1092181.893 	1092415.816 	1094357.830 	1093429.882 	1090058.962 
A,KM,TOTAL,GE	: 	: 	: 	: 	: 	: 	: 	: 	: 	: 	: 	: 	: 	: 	: 	: 	: 	: 	: 	: 	: 	: 	: 	: 	: 	: 	: 	: 	: 	: 	: 	: 	: 	: 	: 	: 	: 	: 	: 	: 	: 	: 	: 	: 	: 	: 	: 	: 	20742.200 	21110.400 	21110.400 	40044.100 b	: 
A,KM,TOTAL,HR	: 	: 	: 	: 	: 	: 	: 	: 	: 	: 	: 	: 	: 	: 	: 	: 	: 	: 	: 	: 	32505 	26636 	26636 	26626 	26626 	26626 	26610 	27510 	27510 	27627 	27712 	27846 	27731 	27590 	27419 	27420 	27707 	27882 	28049 	28099 d	28089 	28156 	25436 d	25525 	25488 	25396 	25444 	25511 	25380 	25402 	25439 	25096 	25130 
A,KM,TOTAL,HU	: 	: 	: 	: 	: 	: 	: 	: 	: 	: 	: 	: 	: 	: 	: 	: 	: 	: 	: 	: 	29392 	29625 	29681 	29694 	29738 	29738 	29357 	29415 	29464 	29492 	29533 	29548 	159961 	160215 	: 	: 	: 	: 	197533.8 	196245 	198090.4 	199445.5 	200426.3 	201747.300 	202298.700 	203260.400 	204956.850 	209179.100 	211630.430 	212117.500 	213776.920 	214650.370 	216443.510 
A,KM,TOTAL,IE	: 	: 	: 	: 	: 	: 	: 	: 	: 	: 	: 	: 	: 	: 	: 	: 	: 	: 	: 	: 	92263 	92295 	91472 	91451 	91432 	92360 	92570 	95650 	95630 	95627 	95503 	95488 	95485 	95635 	96321 	96259 	96248 	95748 	95599 	95370 	95102 	95102 	95102 	95102 p	95102 	97982 	97982 	97982 	97982 	97982 p	97982 	102187 	102227 
A,KM,TOTAL,IS	: 	: 	: 	: 	: 	: 	: 	: 	: 	: 	: 	: 	: 	: 	: 	: 	: 	: 	12446 	12484 	12480 	12537 	12411 	12503 	12419 	12340 	12378 	12691 	12689 	12682 	12998 	12955 	12973 	13004 	13028 e	13027 e	: 	: 	: 	: 	: 	: 	: 	: 	: 	: 	: 	12898 	12898 	12895 	12900 	12905 	: 
A,KM,TOTAL,IT	280325 d	: 	: 	: 	: 	285540 d	: 	: 	: 	288075 	288562 d	291332 	291085 	291797 	293023 	293754 d	294295 	296472 	296312 	297139 	297710 	297217 	807964 	809701 	827351 	820138 	823470 	828278 	: 	: 	161247 	162050 	163122 	166356 	168820 	226648 	230539 	240395 	242569 	242383 	248018 d	244374 	247004 	249288 	248846 	252073 	249624 	239272 	228124 	228515 	228465 	228863 	: 
A,KM,TOTAL,LI	: 	: 	: 	: 	: 	: 	: 	: 	: 	: 	: 	: 	: 	: 	: 	: 	: 	: 	: 	: 	: 	: 	: 	: 	: 	: 	: 	: 	399 	401 	401 	401 	401 	401 	401 	401 	401 	401 	401 	401 	401 	401 	401 	401 	401 	401 	401 	420 	420 	420 	420 	420 	420 
A,KM,TOTAL,LT	: 	: 	: 	: 	: 	: 	: 	: 	: 	: 	: 	: 	: 	: 	: 	: 	: 	: 	: 	: 	48364 	48757 	52427 	56299 	61257 	62119 	65808 	68833 	72042 	73233 	75100 	76156 	76760 	78476 	78914 	79080 	79675 	80406 	80721 	81022 	81822 	82602 	83857 	84159 	84725 	84624 	83415 	84003 	85249 	84683 	84369 	84493 	83821 
A,KM,TOTAL,LU	4949 d	: 	: 	: 	: 	4963 d	: 	: 	: 	5079 	5094 d	5094 	5108 	5157 	5157 	5157 d	5208 	5220 	5085 	5091 	5091 	5091 	5108 	5113 	5134 	: 	: 	: 	2748 	2748 	2739 	2737 	2728 	2728 	2730 	2747 	2747 	2747 	2747 	2747 	: 	: 	2899 	2899 	2899 	2908 	2908 	2912 	2914 	2914 	2914 	2909 	2746 
A,KM,TOTAL,LV	: 	: 	: 	: 	: 	: 	: 	: 	: 	: 	: 	: 	: 	: 	: 	: 	: 	: 	: 	: 	59541 	59525 	60192 	64693 	54992 	56196 	56729 	56990 	57818 	57961 	58566 	60639 	60472 	59434 	59047 	59334 	59180 	59359 	59225 	59432 	58926 	58803 	58566 	58573 	58628 	58243 	58416 	58426 	58443 	58261 	58269 	57458 	57972 
A,KM,TOTAL,MD	: 	: 	: 	: 	: 	: 	: 	: 	: 	: 	: 	: 	: 	: 	: 	: 	: 	: 	: 	: 	: 	: 	: 	: 	: 	: 	: 	: 	: 	: 	: 	: 	: 	: 	: 	: 	: 	: 	: 	: 	: 	: 	: 	: 	: 	: 	: 	: 	9446 	9432 	9465 	9472 	9488 
A,KM,TOTAL,ME	: 	: 	: 	: 	: 	: 	: 	: 	: 	: 	: 	: 	: 	: 	: 	: 	: 	: 	: 	: 	: 	: 	: 	: 	: 	: 	: 	: 	: 	: 	: 	: 	: 	: 	: 	: 	: 	: 	: 	: 	: 	: 	: 	: 	: 	: 	8625 	8750 	9038 	9249 	9727 	9759 	9825 
A,KM,TOTAL,MK	: 	: 	: 	: 	: 	: 	: 	: 	: 	: 	: 	: 	: 	: 	: 	: 	: 	: 	: 	: 	10508 	9659 	9299 	9154 	9161 	9435 	9623 	10465 	11513 	12165 	12522 	12927 	12974 	: 	: 	13278 	13736 	13840 	13922 	13940 	13934 	13983 	14038 	14157 	14199 	14256 	14426 	14410 	14559 	14475 	14477 	14410 	15170 
A,KM,TOTAL,MT	: 	: 	: 	: 	: 	: 	: 	: 	: 	: 	: 	: 	: 	: 	: 	: 	: 	: 	: 	: 	1593 	: 	1558 	: 	: 	: 	: 	1971 	2170 	2180 	2190 	2254 	2271 	: 	: 	: 	: 	3096.4 e	: 	3096.4 e	2361.4 e	2361.4 	2361.4 	2410 e	2854 e	2854 e	2855.480 e	: 	2855.480 e	2855 e	2855 	2855 	: 
A,KM,TOTAL,NL	: 	: 	: 	: 	: 	: 	: 	: 	: 	90751 	: 	: 	93430 	: 	95233 	: 	: 	: 	99941 	101039 	102498 	: 	103683 	: 	: 	111212 	: 	113857 	: 	: 	: 	127948 	129013 	129856 	130799 	126199 u	126795 	127223 	127685 	128283 	128651 	128903 d	128940 d	135533 	135963 	136182 	136368 	136536 	136831 	137654 	138572 	138452 	139027 
A,KM,TOTAL,NO	: 	: 	: 	: 	: 	: 	: 	: 	: 	: 	: 	: 	: 	: 	: 	: 	: 	: 	87578 	88174 	88937 	89135 	89744 	90503 	90174 	90618 	91358 	91254 	90741 	90880 	91479 	: 	: 	: 	92513 	92864 	92946 	92869 	93247 	93347 	93509 	93754 	93869 	93985 	94057 	94450 	94642 	94762 	94895 	95164 	94675 	95120 	95120 
A,KM,TOTAL,PL	: 	: 	: 	: 	: 	: 	: 	: 	: 	: 	: 	: 	: 	: 	: 	: 	: 	: 	: 	: 	362859 	365108 	366743 	349896 	352310 	372233 	374732 	376784 	380778 	371412 	372725 	377626 	372339 	377289 	379456 	381463 	382615 	383053 	383313 	384104 	406122 	412264 	412035 	413530 	415470 	419636 	420236 	422303 	424564 	424915 	430267 	429816 	427580 
A,KM,TOTAL,PT	18668 e	: 	: 	: 	: 	18665 e	: 	: 	: 	18646 	18642 d	18661 	18680 	18713 	18750 	18619 d	18683 	9746 	9342 	9330 	9514 	: 	65575 	67390 	71619 	: 	: 	: 	: 	: 	: 	: 	: 	: 	: 	: 	10345 d	10289 d	10317 d	10407 d	10386 d	10674 	11296 d	11245 	11245 	11245 	11248 	11248 	11248 	11248 	11260 	11260 	11217 
A,KM,TOTAL,RO	: 	: 	: 	: 	: 	: 	: 	: 	: 	: 	: 	: 	: 	: 	: 	: 	: 	: 	: 	: 	68203 	68203 	68194 	68194 	68206 	68110 	68377 	68378 	68475 	68652 	72794 	72811 	73215 	78888 	73358 	73803 	79724 	80612 	81693 	81713 	82054 	83353 	83635 	84243 	84679 	85173 	85333 	85336 	85411 	85525 	85871 	85268 	85387 
A,KM,TOTAL,RS	: 	: 	: 	: 	: 	: 	: 	: 	: 	: 	: 	: 	: 	: 	: 	: 	: 	: 	: 	: 	: 	: 	: 	: 	: 	: 	: 	: 	: 	: 	: 	: 	: 	: 	: 	: 	: 	: 	: 	: 	: 	: 	: 	43997 	44406 	44995 	45479 	43276 	: 	: 	43980 	: 	45022 
A,KM,TOTAL,SE	160515 	159784 	159160 	161130 	162103 	162503 	128802 b	128973 	128972 	129215 	129363 	129471 	129518 	129186 	129713 	129830 	129900 	130028 	130143 	130173 	129858 	129759 	135787 	136438 	136231 	136808 	136915 	136562 	136593 	137572 	137673 	138241 	138536 	138567 	138630 	138634 	139317 	211686 b	212242 d	212088 d	212361 d	212549 d	213648 d	212836 	212964 	212972 	212787 	213260 	213559 	197163 	193471 	197840 	197964 
A,KM,TOTAL,SI	: 	: 	: 	: 	: 	: 	: 	: 	: 	: 	: 	: 	: 	: 	: 	: 	: 	: 	: 	: 	14322 	14501 	14541 	14536 	14533 	14513 	14511 	14553 	36856 	37759 	37866 	35932 	37359 	37228 	37271 	37293 	37346 	37493 	38145 	38146 	38106 	38079 	38023 	37968.607 	37978.640 	37975.619 	38010.904 	37994.792 	37977.690 	38003.300 	38068.120 	38184.423 	38125.059 
A,KM,TOTAL,SK	: 	: 	: 	: 	: 	: 	: 	: 	: 	: 	: 	: 	: 	: 	: 	: 	: 	: 	: 	: 	17745 	17722 	17682 	17667 	17691 	17670 	17652 	17408 	17421 	17439 	17441.7 	17439.7 	17448.4 	17459.4 d	17464.1 d	43417.1 	43442.1 	43452.3 	43464.8 	43488.2 	42909.5 	42946.9 	42948.2 	42942.500 	42938 	43996 	44007.700 	44013.900 	44701.700 	44714.580 	44450.700 	45114.100 	45106.300 
A,KM,TOTAL,TR	: 	: 	: 	: 	: 	: 	: 	: 	: 	: 	: 	: 	: 	: 	: 	: 	: 	: 	: 	: 	59128 	59221 	59842 	59770 	379861 	380054 	380226 	380837 	377333 	: 	415732 d	424553 d	425697 d	426662 d	347553 d	347571 d	347396 d	348800 d	350036 d	360624 	365183 	368157 	383621 	386539 	234516 	236617 	240048 	244857 	244711 	247671 	252805 	253813 	255439 
A,KM,TOTAL,UA	: 	: 	: 	: 	: 	: 	: 	: 	: 	: 	: 	: 	: 	: 	: 	: 	: 	: 	: 	: 	: 	: 	: 	: 	: 	: 	: 	: 	: 	: 	: 	: 	: 	: 	: 	: 	: 	: 	: 	: 	: 	: 	: 	: 	: 	: 	: 	: 	163985 	163973 	164213 	: 	: 
A,KM,TOTAL,UK	344057 d	: 	: 	: 	: 	351457 d	: 	: 	: 	358699 	360292 d	362564 	364180 	365849 	367666 	369076 d	371491 	372983 	375047 	376893 d	378934 d	380993 d	383282 b	384839 d	385557 d	386401 d	386983 d	387893 d	413137 d	414073 d	414835 	415632 d	416469 d	417185 d	412582 d	409309 d	415764 d	416330 d	415961 d	416000.8 d	415953.1 d	415983.1 d	416613.87 	417193.240 e	417367.430 e	417491.240 e	418545.840 	418888.490 	418897 	: 	: 	420780.500 	416461.200 
A,KM,TOTAL,XK	: 	: 	: 	: 	: 	: 	: 	: 	: 	: 	: 	: 	: 	: 	: 	: 	: 	: 	: 	: 	: 	: 	: 	: 	: 	: 	: 	: 	: 	: 	: 	: 	: 	: 	: 	: 	: 	: 	: 	: 	: 	: 	: 	: 	: 	: 	: 	1934 	1956 	2174 	: 	2294 	2248 
